doi,oa_funder_id,oa_award_id
https://doi.org/10.1080/00207543.2019.1641235,https://openalex.org/F4320322598,H-45-35-ZG3K
https://doi.org/10.1080/00207543.2019.1641235,https://openalex.org/F4320338464,LQ19G010002
https://doi.org/10.1016/j.patcog.2020.107322,https://openalex.org/F4320321001,61773002
https://doi.org/10.1016/j.ejphar.2020.173065,https://openalex.org/F4320321001,21576199
https://doi.org/10.1016/j.ejphar.2020.173065,https://openalex.org/F4320322841,MYRG2015-00172-ICMS-QRCM
https://doi.org/10.1016/j.ejphar.2020.173065,https://openalex.org/F4320334944,JCYJ20160331141459373
https://doi.org/10.1016/j.jss.2020.110568,https://openalex.org/F4320321001,61690204
https://doi.org/10.1016/j.jss.2020.110568,https://openalex.org/F4320321001,61632015
https://doi.org/10.1016/j.jss.2020.110568,https://openalex.org/F4320321001,61972193
https://doi.org/10.1002/admt.202000050,https://openalex.org/F4320321001,21975214
https://doi.org/10.1002/admt.202000050,https://openalex.org/F4320322598,
https://doi.org/10.1002/admt.202000050,https://openalex.org/F4320335777,2018YFC2000900
https://doi.org/10.1016/j.dib.2020.105186,https://openalex.org/F4320322598,
https://doi.org/10.1016/j.dib.2020.105186,https://openalex.org/F4320334773,H-ZG6E
https://doi.org/10.1177/1550059419899323,https://openalex.org/F4320309636,MnDRIVE Fellowship
https://doi.org/10.1177/1550059419899323,https://openalex.org/F4320311480,Magistro Family Foundation Research Grant
https://doi.org/10.1177/1550059419899323,https://openalex.org/F4320337611,1K01HD078484-01A1
https://doi.org/10.1016/j.apm.2019.11.045,https://openalex.org/F4320321592,
https://doi.org/10.1016/j.ijhm.2019.102416,https://openalex.org/F4320322598,
https://doi.org/10.1016/j.msea.2019.138695,https://openalex.org/F4320321001,21606217
https://doi.org/10.1016/j.msea.2019.138695,https://openalex.org/F4320321001,51801049
https://doi.org/10.1016/j.msea.2019.138695,https://openalex.org/F4320324869,201809
https://doi.org/10.1016/j.msea.2019.138695,https://openalex.org/F4320326948,
https://doi.org/10.1016/j.msea.2019.138695,https://openalex.org/F4320335787,PA2019GDZC0096
https://doi.org/10.1016/j.matdes.2019.108206,https://openalex.org/F4320321001,51373147
https://doi.org/10.1016/j.matdes.2019.108206,https://openalex.org/F4320321001,51673162
https://doi.org/10.1016/j.scriptamat.2019.11.014,https://openalex.org/F4320321001,51772238
https://doi.org/10.1016/j.scriptamat.2019.11.014,https://openalex.org/F4320334704,FT180100541
https://doi.org/10.1016/j.scriptamat.2019.11.014,https://openalex.org/F4320334704,DP170103514
https://doi.org/10.1016/j.scriptamat.2019.11.014,https://openalex.org/F4320334704,and FT140100135
https://doi.org/10.1002/pssb.201900173,https://openalex.org/F4320322598,YBUZ
https://doi.org/10.1007/s10237-019-01192-8,https://openalex.org/F4320322598,G-UACM
https://doi.org/10.1007/s10237-019-01192-8,https://openalex.org/F4320322598,RKC1
https://doi.org/10.1007/s10237-019-01192-8,https://openalex.org/F4320322598,G-YBG9
https://doi.org/10.1109/msn50589.2020.00038,https://openalex.org/F4320320671,
https://doi.org/10.1109/mass50613.2020.00066,https://openalex.org/F4320307285,
https://doi.org/10.3390/ijgi9120760,https://openalex.org/F4320322598,1-ZVN6
https://doi.org/10.3390/ijgi9120760,https://openalex.org/F4320322598,4-BCF7
https://doi.org/10.1016/j.joule.2020.11.014,https://openalex.org/F4320320955,
https://doi.org/10.3390/s20236863,https://openalex.org/F4320326427,ITF/Tier 3 Project ITF/276/18
https://doi.org/10.1016/j.dib.2020.106479,https://openalex.org/F4320310972,NTF19024-2019
https://doi.org/10.1016/j.dib.2020.106479,https://openalex.org/F4320321586,
https://doi.org/10.1016/j.dib.2020.106479,https://openalex.org/F4320334009,2019CX01G338
https://doi.org/10.1016/j.tet.2020.131726,https://openalex.org/F4320321550,cstc2018jcyjAX0446
https://doi.org/10.1016/j.tet.2020.131726,https://openalex.org/F4320321551,2017RCH03
https://doi.org/10.1016/j.tet.2020.131726,https://openalex.org/F4320324805,KJQN202001339
https://doi.org/10.1016/j.tet.2020.131726,https://openalex.org/F4320325563,XY17KJ10
https://doi.org/10.1016/j.tet.2020.131726,https://openalex.org/F4320325563,XY18PY08
https://doi.org/10.1016/j.tet.2020.131726,https://openalex.org/F4320325563,XY18PY02
https://doi.org/10.3389/fbuil.2020.571911,https://openalex.org/F4320321592,PolyU 252161/18E
https://doi.org/10.1016/j.sna.2020.112285,https://openalex.org/F4320322598,
https://doi.org/10.1007/s10570-020-03408-y,https://openalex.org/F4320322598,postgraduate scholarship
https://doi.org/10.1007/s10570-020-03408-y,https://openalex.org/F4320326427,ITP/021/17TI
https://doi.org/10.1111/grow.12428,https://openalex.org/F4320321001,41971155
https://doi.org/10.1111/grow.12428,https://openalex.org/F4320335787,
https://doi.org/10.3390/rs12162550,https://openalex.org/F4320309618,107-2221-E-006-125-MY3
https://doi.org/10.1016/j.jmapro.2020.08.020,https://openalex.org/F4320321001,
https://doi.org/10.1002/gps.5380,https://openalex.org/F4320321001,81173316
https://doi.org/10.1016/j.engfracmech.2020.107185,https://openalex.org/F4320321001,51878615
https://doi.org/10.1016/j.engfracmech.2020.107185,https://openalex.org/F4320321001,51779227
https://doi.org/10.1016/j.engfracmech.2020.107185,https://openalex.org/F4320327181,BBWE
https://doi.org/10.1016/j.jpdc.2020.04.013,https://openalex.org/F4320324174,ZR2019ZD10
https://doi.org/10.1016/j.jpdc.2020.04.013,https://openalex.org/F4320333596,2019GGX101050
https://doi.org/10.1016/j.lingua.2020.102894,https://openalex.org/F4320321543,2019M650375
https://doi.org/10.1177/1756829320923563,https://openalex.org/F4320321001,No. 5180522
https://doi.org/10.3390/app10103512,https://openalex.org/F4320321001,"11732015, 11972315"
https://doi.org/10.1016/j.fuel.2020.118101,https://openalex.org/F4320321001,91641105
https://doi.org/10.1016/j.fuel.2020.118101,https://openalex.org/F4320322598,
https://doi.org/10.1016/j.fuel.2020.118101,https://openalex.org/F4320325599,
https://doi.org/10.1016/j.fuel.2020.118101,https://openalex.org/F4320335787,WK2320000038
https://doi.org/10.1007/s10853-020-04738-9,https://openalex.org/F4320322598,YVB1
https://doi.org/10.1007/s10915-020-01194-0,https://openalex.org/F4320321001,11901142
https://doi.org/10.1007/s10915-020-01194-0,https://openalex.org/F4320321001,NSAF grant U1930402
https://doi.org/10.3390/su12072973,https://openalex.org/F4320321543,2019M653519
https://doi.org/10.1016/j.jcsr.2020.106061,https://openalex.org/F4320321001,51890902
https://doi.org/10.1016/j.jcsr.2020.106061,https://openalex.org/F4320321001,201706050073
https://doi.org/10.1016/j.jcsr.2020.106061,https://openalex.org/F4320322725,51890902
https://doi.org/10.1016/j.jcsr.2020.106061,https://openalex.org/F4320322725,201706050073
https://doi.org/10.1016/j.fuel.2020.117846,https://openalex.org/F4320321001,51766003
https://doi.org/10.1016/j.orgel.2020.105732,https://openalex.org/F4320321001,61835009
https://doi.org/10.1016/j.orgel.2020.105732,https://openalex.org/F4320321001,61775145
https://doi.org/10.1016/j.orgel.2020.105732,https://openalex.org/F4320321001,81727804
https://doi.org/10.1016/j.orgel.2020.105732,https://openalex.org/F4320321001,61525503
https://doi.org/10.1016/j.orgel.2020.105732,https://openalex.org/F4320321001,61620106016
https://doi.org/10.1016/j.orgel.2020.105732,https://openalex.org/F4320321001,61804099
https://doi.org/10.1016/j.orgel.2020.105732,https://openalex.org/F4320321543,2018M643147
https://doi.org/10.1016/j.orgel.2020.105732,https://openalex.org/F4320321543,2019T120747
https://doi.org/10.1016/j.orgel.2020.105732,https://openalex.org/F4320322598,1-ZE1C
https://doi.org/10.1016/j.orgel.2020.105732,https://openalex.org/F4320326279,2016KCXTD007
https://doi.org/10.1016/j.orgel.2020.105732,https://openalex.org/F4320326279,2015KGJHZ002
https://doi.org/10.1016/j.orgel.2020.105732,https://openalex.org/F4320335777,2018YFC0910602
https://doi.org/10.1016/j.tre.2020.101902,https://openalex.org/F4320321001,71971185
https://doi.org/10.1016/j.apenergy.2020.114692,https://openalex.org/F4320321001,51776193
https://doi.org/10.1016/j.apenergy.2020.114692,https://openalex.org/F4320321001,51761145109
https://doi.org/10.1038/s41477-020-0598-2,https://openalex.org/F4320327020,SKLURE2018-2-5
https://doi.org/10.1016/j.camwa.2020.01.024,https://openalex.org/F4320321001,
https://doi.org/10.1016/j.camwa.2020.01.024,https://openalex.org/F4320322598,
https://doi.org/10.1016/j.dsp.2019.102652,https://openalex.org/F4320321001,61701021
https://doi.org/10.1016/j.dsp.2019.102652,https://openalex.org/F4320335787,FRF-TP-19-006A3
https://doi.org/10.1080/15502724.2018.1523013,https://openalex.org/F4320322598,1-ZVHX
https://doi.org/10.1111/poms.13142,https://openalex.org/F4320320751,AcRF M4011199.010
https://doi.org/10.1111/poms.13142,https://openalex.org/F4320321001,71971184
https://doi.org/10.1016/j.ces.2019.115459,https://openalex.org/F4320321001,51876067
https://doi.org/10.1016/j.ces.2019.115459,https://openalex.org/F4320321921,2018B030306014
https://doi.org/10.1016/j.ces.2019.115459,https://openalex.org/F4320335795,2017B050506005
https://doi.org/10.1016/j.ces.2019.115459,https://openalex.org/F4320336125,51425601
https://doi.org/10.1016/j.jtbi.2019.110085,https://openalex.org/F4320321001,11901247
https://doi.org/10.1016/j.jtbi.2019.110085,https://openalex.org/F4320321410,4111190009
https://doi.org/10.1016/j.jtbi.2019.110085,https://openalex.org/F4320322598,153277/16P
https://doi.org/10.1016/j.memsci.2019.117782,https://openalex.org/F4320321001,21576210
https://doi.org/10.1016/j.memsci.2019.117782,https://openalex.org/F4320321001,21776216
https://doi.org/10.1016/j.memsci.2019.117782,https://openalex.org/F4320322701,TD13-5044
https://doi.org/10.1016/j.memsci.2019.117782,https://openalex.org/F4320335777,2017YFC0403902
https://doi.org/10.1002/pchj.315,https://openalex.org/F4320321001,31471001
https://doi.org/10.1016/j.jallcom.2019.152624,https://openalex.org/F4320335777,2016YFC0305004
https://doi.org/10.1016/j.jallcom.2019.152624,https://openalex.org/F4320338110,KYY-ZX-20180006
https://doi.org/10.1016/j.jallcom.2019.152624,https://openalex.org/F4320338464,LGG18B030001
https://doi.org/10.1177/1367493519880447,https://openalex.org/F4320323291,Not applicable
https://doi.org/10.1016/j.jss.2019.110433,https://openalex.org/F4320321001,61972193
https://doi.org/10.1016/j.jss.2019.110433,https://openalex.org/F4320321001,61632015
https://doi.org/10.1016/j.jss.2019.110433,https://openalex.org/F4320321001,61802166
https://doi.org/10.1016/j.csda.2019.06.003,https://openalex.org/F4320321001,11571340
https://doi.org/10.1016/j.csda.2019.06.003,https://openalex.org/F4320321001,U1430103
https://doi.org/10.1016/j.csda.2019.06.003,https://openalex.org/F4320321572,KM201710005032
https://doi.org/10.1016/j.csda.2019.06.003,https://openalex.org/F4320321592,
https://doi.org/10.1007/s13042-019-00969-8,https://openalex.org/F4320321001,61632011
https://doi.org/10.1007/s13042-019-00969-8,https://openalex.org/F4320321001,61876053
https://doi.org/10.1016/j.indmarman.2019.03.016,https://openalex.org/F4320322598,4-ZZGM
https://doi.org/10.1080/17538947.2019.1585979,https://openalex.org/F4320321001,G-YBZB
https://doi.org/10.1080/17538947.2019.1585979,https://openalex.org/F4320321592,
https://doi.org/10.1080/17538947.2019.1585979,https://openalex.org/F4320322598,
https://doi.org/10.1002/eng2.12327,https://openalex.org/F4320321001,NSFC 21771156
https://doi.org/10.1002/eng2.12327,https://openalex.org/F4320321592,PolyU 253026/16P
https://doi.org/10.1016/j.dib.2020.106432,https://openalex.org/F4320310972,
https://doi.org/10.3389/fpsyg.2020.581410,https://openalex.org/F4320327557,13&amp;ZD189
https://doi.org/10.3389/fmed.2020.575839,https://openalex.org/F4320321592,
https://doi.org/10.3390/app10186186,https://openalex.org/F4320321592,PolyU 152254/16E and G-YM14
https://doi.org/10.3390/nano10101928,https://openalex.org/F4320321001,61911530133
https://doi.org/10.3390/nano10101928,https://openalex.org/F4320321001,61905045
https://doi.org/10.3390/nano10101928,https://openalex.org/F4320321001,61774021
https://doi.org/10.3390/nano10101928,https://openalex.org/F4320321001,61935003
https://doi.org/10.3390/nano10101928,https://openalex.org/F4320325902,Z191100004819012
https://doi.org/10.3390/nano10101928,https://openalex.org/F4320335787,2018XKJC05
https://doi.org/10.1016/j.tcs.2020.07.042,https://openalex.org/F4320322598,
https://doi.org/10.1016/j.tcs.2020.07.042,https://openalex.org/F4320334593,
https://doi.org/10.1016/j.tcs.2020.07.042,https://openalex.org/F4320334764,
https://doi.org/10.1016/j.tcs.2020.07.042,https://openalex.org/F4320334789,
https://doi.org/10.1016/j.jwpe.2020.101501,https://openalex.org/F4320322598,1-ZE27
https://doi.org/10.1016/j.jwpe.2020.101501,https://openalex.org/F4320322598,1-ZE14
https://doi.org/10.1016/j.jwpe.2020.101501,https://openalex.org/F4320322598,1-ZVGH
https://doi.org/10.1002/chem.202000575,https://openalex.org/F4320321001,21606080
https://doi.org/10.1002/chem.202000575,https://openalex.org/F4320326217,CX2018B774
https://doi.org/10.1016/j.mex.2020.100934,https://openalex.org/F4320321001,51876183
https://doi.org/10.3390/su12093700,https://openalex.org/F4320321001,51711530711
https://doi.org/10.3390/su12093700,https://openalex.org/F4320335787,2019ZD30
https://doi.org/10.1016/j.apacoust.2020.107401,https://openalex.org/F4320322598,
https://doi.org/10.1016/j.apacoust.2020.107401,https://openalex.org/F4320323059,
https://doi.org/10.3390/su12031169,https://openalex.org/F4320322598,G-YBTM and 1-YW3L
https://doi.org/10.1016/j.ijmecsci.2020.105509,https://openalex.org/F4320321001,51875492
https://doi.org/10.1016/j.ijmecsci.2020.105509,https://openalex.org/F4320321001,51635008
https://doi.org/10.1111/poms.13167,https://openalex.org/F4320321001,#71803211
https://doi.org/10.1111/poms.13167,https://openalex.org/F4320321001,#71772157
https://doi.org/10.1016/j.surfcoat.2020.125432,https://openalex.org/F4320321001,51675455
https://doi.org/10.1016/j.surfcoat.2020.125432,https://openalex.org/F4320321592,PolyU 152021/17E
https://doi.org/10.1016/j.surfcoat.2020.125432,https://openalex.org/F4320322598,RUNP
https://doi.org/10.1016/j.istruc.2020.01.036,https://openalex.org/F4320321592,PolyU 152039/18E
https://doi.org/10.3390/electronics9010148,https://openalex.org/F4320329077,"2015QD07, JZ192007"
https://doi.org/10.1016/j.compchemeng.2019.106705,https://openalex.org/F4320321001,71571010
https://doi.org/10.1016/j.compchemeng.2019.106705,https://openalex.org/F4320334764,18H03826
https://doi.org/10.1016/j.compchemeng.2019.106705,https://openalex.org/F4320335982,16YJC790026
https://doi.org/10.1016/j.jcp.2019.109114,https://openalex.org/F4320334764,18H05323
https://doi.org/10.1016/j.jcp.2019.109114,https://openalex.org/F4320334764,19H00639
https://doi.org/10.1016/j.jcp.2019.109114,https://openalex.org/F4320334764,16H03948
https://doi.org/10.1016/j.jcp.2019.109114,https://openalex.org/F4320334764,17H01091
https://doi.org/10.1016/j.jcp.2019.109114,https://openalex.org/F4320334764,26220702
https://doi.org/10.1016/j.sna.2019.111745,https://openalex.org/F4320321001,
https://doi.org/10.1016/j.sna.2019.111745,https://openalex.org/F4320335777,2018YFB2100901
https://doi.org/10.1111/jan.14241,https://openalex.org/F4320335055,10110301
https://doi.org/10.1016/j.ijdrr.2019.101365,https://openalex.org/F4320321001,71701090
https://doi.org/10.1016/j.ijdrr.2019.101365,https://openalex.org/F4320321921,2017A030310357
https://doi.org/10.1002/app.48566,https://openalex.org/F4320335795,2016A050503013
https://doi.org/10.1016/j.ijleo.2019.163552,https://openalex.org/F4320321001,60904085
https://doi.org/10.1016/j.image.2019.115644,https://openalex.org/F4320335787,30917011319
https://doi.org/10.1016/j.solener.2019.09.025,https://openalex.org/F4320321001,51761145109
https://doi.org/10.1016/j.solener.2019.09.025,https://openalex.org/F4320321001,51776193
https://doi.org/10.1016/j.solener.2019.09.025,https://openalex.org/F4320321543,2019M652209
https://doi.org/10.1016/j.solener.2019.09.025,https://openalex.org/F4320335787,
https://doi.org/10.1177/0272431619833481,https://openalex.org/F4320321592,Grant No. 25401414
https://doi.org/10.1007/s10985-018-09457-7,https://openalex.org/F4320321001,11771366
https://doi.org/10.1007/s10479-018-3065-y,https://openalex.org/F4320321001,71520107001
https://doi.org/10.1007/s10479-018-3065-y,https://openalex.org/F4320321001,71501077
https://doi.org/10.1016/j.eastsj.2020.100007,https://openalex.org/F4320321592,PolyU 152057/15E
https://doi.org/10.1016/j.eastsj.2020.100007,https://openalex.org/F4320322598,1-ZVFJ
https://doi.org/10.1109/access.2020.3041290,https://openalex.org/F4320321001,51874264
https://doi.org/10.1109/access.2020.3041290,https://openalex.org/F4320338464,Y20F010069
https://doi.org/10.1186/s43020-020-00013-z,https://openalex.org/F4320321001,No. 41730109
https://doi.org/10.1186/s43020-020-00013-z,https://openalex.org/F4320322598,No. 1-BBWJ
https://doi.org/10.1186/s43020-020-00013-z,https://openalex.org/F4320324196,1-BBYH
https://doi.org/10.3390/ijms21207445,https://openalex.org/F4320322598,"1-BBAE, 1-ZE18 & 1-ZE21, 847E, YK48, YBKK, YZ14, 1-ZVH9"
https://doi.org/10.3390/mi11090867,https://openalex.org/F4320321592,PolyU 15200518
https://doi.org/10.3390/mi11090867,https://openalex.org/F4320322598,UAHK
https://doi.org/10.1016/j.autcon.2020.103354,https://openalex.org/F4320321001,11705122
https://doi.org/10.1016/j.autcon.2020.103354,https://openalex.org/F4320321001,61902268
https://doi.org/10.1016/j.autcon.2020.103354,https://openalex.org/F4320321592,BRE/PolyU 152099/18E
https://doi.org/10.1016/j.autcon.2020.103354,https://openalex.org/F4320321592,BRE/PolyU 152047/19E
https://doi.org/10.1016/j.autcon.2020.103354,https://openalex.org/F4320321592,BRE/PolyU 15210720
https://doi.org/10.1016/j.autcon.2020.103354,https://openalex.org/F4320321592,PolyU 15204719/18E
https://doi.org/10.1016/j.autcon.2020.103354,https://openalex.org/F4320322292,2019QNGG26
https://doi.org/10.1016/j.autcon.2020.103354,https://openalex.org/F4320322598,G-YW3X
https://doi.org/10.1016/j.autcon.2020.103354,https://openalex.org/F4320322815,
https://doi.org/10.1016/j.autcon.2020.103354,https://openalex.org/F4320322947,2017RCL52
https://doi.org/10.1016/j.autcon.2020.103354,https://openalex.org/F4320333335,2018GZDZX0046
https://doi.org/10.1016/j.autcon.2020.103354,https://openalex.org/F4320333335,2019YFSY0045
https://doi.org/10.1016/j.autcon.2020.103354,https://openalex.org/F4320333335,2018JY0197
https://doi.org/10.1016/j.autcon.2020.103354,https://openalex.org/F4320333335,2020YFH0124
https://doi.org/10.1016/j.autcon.2020.103354,https://openalex.org/F4320335787,
https://doi.org/10.1007/s10291-020-01028-4,https://openalex.org/F4320322598,
https://doi.org/10.3390/biom10091321,https://openalex.org/F4320322795,106-2314-B-010-005-MY3
https://doi.org/10.3390/biom10091321,https://openalex.org/F4320322795,109-2628-B-010-008-
https://doi.org/10.1177/0954411920947208,https://openalex.org/F4320321001,51323007
https://doi.org/10.1177/0954411920947208,https://openalex.org/F4320324173,2019JQ-243
https://doi.org/10.1007/s12155-020-10154-3,https://openalex.org/F4320322614,PHD57I0032
https://doi.org/10.1007/s12155-020-10154-3,https://openalex.org/F4320333385,063/2559
https://doi.org/10.1016/j.firesaf.2020.103013,https://openalex.org/F4320321001,51876183
https://doi.org/10.1016/j.firesaf.2020.103013,https://openalex.org/F4320326935,HZ2019-KF02
https://doi.org/10.1016/j.firesaf.2020.103013,https://openalex.org/F4320335787,WK2320000041
https://doi.org/10.1016/j.firesaf.2020.103013,https://openalex.org/F4320335787,WK2320000043
https://doi.org/10.1016/j.firesaf.2020.103013,https://openalex.org/F4320336026,2017YFC0805900
https://doi.org/10.3390/su12103960,https://openalex.org/F4320322919,L181009 and 9194028
https://doi.org/10.3390/su12103960,https://openalex.org/F4320335787,2015M570121
https://doi.org/10.3390/su12103960,https://openalex.org/F4320335982,18YJC630193
https://doi.org/10.1016/j.tele.2020.101437,https://openalex.org/F4320322795,
https://doi.org/10.1007/s11042-020-08934-2,https://openalex.org/F4320321001,61402141
https://doi.org/10.1016/j.isatra.2020.05.026,https://openalex.org/F4320322598,CRG RUMT16900506r
https://doi.org/10.1007/s10707-020-00404-z,https://openalex.org/F4320321001,41571379
https://doi.org/10.1007/s10707-020-00404-z,https://openalex.org/F4320321001,41471371
https://doi.org/10.1016/j.ejor.2020.03.058,https://openalex.org/F4320322665,20181BAB201009
https://doi.org/10.1016/j.talanta.2020.121030,https://openalex.org/F4320321001,81603500
https://doi.org/10.1016/j.ijhydene.2020.03.060,https://openalex.org/F4320321001,51978354
https://doi.org/10.1016/j.ijhydene.2020.03.060,https://openalex.org/F4320321540,2015CB655100
https://doi.org/10.1016/j.matlet.2020.127696,https://openalex.org/F4320322598,
https://doi.org/10.1016/j.knosys.2020.105774,https://openalex.org/F4320321001,
https://doi.org/10.1016/j.knosys.2020.105774,https://openalex.org/F4320334593,71320107001
https://doi.org/10.1016/j.knosys.2020.105774,https://openalex.org/F4320335787,JBK2001013
https://doi.org/10.1016/j.knosys.2020.105774,https://openalex.org/F4320335787,JBK190504
https://doi.org/10.1177/0954406220908890,https://openalex.org/F4320321001,51675455
https://doi.org/10.1177/0954406220908890,https://openalex.org/F4320321001,51405217
https://doi.org/10.1016/j.dib.2020.105313,https://openalex.org/F4320321592,PolyU 251000/17M
https://doi.org/10.1016/j.dib.2020.105313,https://openalex.org/F4320321592,151000/19M
https://doi.org/10.1016/j.dib.2020.105313,https://openalex.org/F4320322598,G-YBYY
https://doi.org/10.1016/j.dib.2020.105313,https://openalex.org/F4320322598,1-ZVPS
https://doi.org/10.1016/j.schres.2019.11.003,https://openalex.org/F4320321001,31571130
https://doi.org/10.1016/j.schres.2019.11.003,https://openalex.org/F4320321001,81571317
https://doi.org/10.1016/j.schres.2019.11.003,https://openalex.org/F4320322725,
https://doi.org/10.1016/j.ins.2020.02.017,https://openalex.org/F4320332587,61772296
https://doi.org/10.1016/j.ins.2020.02.017,https://openalex.org/F4320335803,JCYJ20170412170438636
https://doi.org/10.1177/1077546319892429,https://openalex.org/F4320321001,11432012
https://doi.org/10.1177/1077546319892429,https://openalex.org/F4320321001,11572279
https://doi.org/10.1007/s00500-019-04537-8,https://openalex.org/F4320317136,KQJSCX20170726104033 357
https://doi.org/10.1007/s00500-019-04537-8,https://openalex.org/F4320317136,JCYJ20150513151706567
https://doi.org/10.1007/s00500-019-04537-8,https://openalex.org/F4320317136,JCYJ20160531191837793
https://doi.org/10.1007/s00500-019-04537-8,https://openalex.org/F4320322598,H-ZG3K
https://doi.org/10.1016/j.ijhm.2019.102403,https://openalex.org/F4320322598,#5-ZJLN
https://doi.org/10.1016/j.ijhm.2019.102403,https://openalex.org/F4320322598,#G-UA9Y
https://doi.org/10.1111/cgf.13882,https://openalex.org/F4320321001,61802128
https://doi.org/10.1111/cgf.13882,https://openalex.org/F4320322598,152142/15E
https://doi.org/10.1016/j.ceramint.2019.09.179,https://openalex.org/F4320321592,15301017
https://doi.org/10.1016/j.ceramint.2019.09.179,https://openalex.org/F4320326427,ITP/015/18TP
https://doi.org/10.1016/j.ceramint.2019.09.179,https://openalex.org/F4320326427,ITP/067/16TP
https://doi.org/10.1016/j.clae.2019.08.007,https://openalex.org/F4320322598,
https://doi.org/10.1016/j.clae.2019.08.007,https://openalex.org/F4320335777,2017YFA0701304
https://doi.org/10.1016/j.ijpe.2019.04.014,https://openalex.org/F4320321001,71831001
https://doi.org/10.1016/j.ijpe.2019.04.014,https://openalex.org/F4320321001,71871009
https://doi.org/10.1016/j.ijpe.2019.04.014,https://openalex.org/F4320328849,2019XJQN15
https://doi.org/10.1109/access.2020.3038680,https://openalex.org/F4320322598,
https://doi.org/10.3389/fpsyg.2020.01864,https://openalex.org/F4320321592,
https://doi.org/10.1109/tale48869.2020.9368433,https://openalex.org/F4320322598,
https://doi.org/10.1142/s0219843620500279,https://openalex.org/F4320321800,406.DI.19.005
https://doi.org/10.1109/pesa50370.2020.9343965,https://openalex.org/F4320321001,"62001149,61671194"
https://doi.org/10.1109/pesa50370.2020.9343965,https://openalex.org/F4320335777,2020YFB1710600
https://doi.org/10.1109/pesa50370.2020.9343965,https://openalex.org/F4320338464,LQ21F010009
https://doi.org/10.3389/fpsyg.2020.573780,https://openalex.org/F4320322598,Postdoctoral Fellowship
https://doi.org/10.3390/socsci9110205,https://openalex.org/F4320321592,14613215
https://doi.org/10.1016/j.jvcir.2020.102929,https://openalex.org/F4320313574,1601216C
https://doi.org/10.1016/j.jvcir.2020.102929,https://openalex.org/F4320321001,61201429
https://doi.org/10.1016/j.jvcir.2020.102929,https://openalex.org/F4320321001,61362030
https://doi.org/10.1016/j.jvcir.2020.102929,https://openalex.org/F4320321543,2016M600360
https://doi.org/10.1016/j.jvcir.2020.102929,https://openalex.org/F4320321543,2015M581720
https://doi.org/10.1016/j.jsv.2020.115653,https://openalex.org/F4320322598,G-YBL0
https://doi.org/10.1016/j.jsv.2020.115653,https://openalex.org/F4320322598,G-YBYA
https://doi.org/10.1016/j.jsv.2020.115653,https://openalex.org/F4320322598,G-YBN2
https://doi.org/10.1016/j.jsv.2020.115653,https://openalex.org/F4320326427,UIM381
https://doi.org/10.1016/j.nanoen.2020.105318,https://openalex.org/F4320306084,
https://doi.org/10.1016/j.nanoen.2020.105318,https://openalex.org/F4320321001,
https://doi.org/10.1016/j.nanoen.2020.105318,https://openalex.org/F4320321592,
https://doi.org/10.1002/marc.202000170,https://openalex.org/F4320321001,51973146
https://doi.org/10.1002/marc.202000170,https://openalex.org/F4320321001,51573120
https://doi.org/10.1002/marc.202000170,https://openalex.org/F4320321001,51873176
https://doi.org/10.1002/marc.202000170,https://openalex.org/F4320321001,51773142
https://doi.org/10.1002/marc.202000170,https://openalex.org/F4320322598,
https://doi.org/10.1002/marc.202000170,https://openalex.org/F4320322769,BK20190099
https://doi.org/10.1016/j.jlumin.2020.117488,https://openalex.org/F4320321921,2019A1515011799
https://doi.org/10.1016/j.jlumin.2020.117488,https://openalex.org/F4320322598,
https://doi.org/10.3389/fpsyg.2020.01411,https://openalex.org/F4320321001,11504400
https://doi.org/10.3389/fpsyg.2020.01411,https://openalex.org/F4320321592,25603916
https://doi.org/10.3389/fpsyg.2020.01411,https://openalex.org/F4320322598,PolyU Start-up Fund for New Recruits
https://doi.org/10.1016/j.autcon.2020.103349,https://openalex.org/F4320322598,
https://doi.org/10.3390/app10124246,https://openalex.org/F4320321001,"51906241, 51761145109, and 51776193"
https://doi.org/10.3390/app10124246,https://openalex.org/F4320321543,2019M652209
https://doi.org/10.3390/app10124246,https://openalex.org/F4320335777,2018YFB1900602
https://doi.org/10.3390/app10124246,https://openalex.org/F4320335787,WK2090130024
https://doi.org/10.1029/2019jd032172,https://openalex.org/F4320321001,91852102
https://doi.org/10.1029/2019jd032172,https://openalex.org/F4320321001,11872353 and
https://doi.org/10.1029/2019jd032172,https://openalex.org/F4320338464,LR16A020002
https://doi.org/10.3390/su12124874,https://openalex.org/F4320321001,71471047
https://doi.org/10.1080/13556509.2020.1776198,https://openalex.org/F4320322942,AF00008
https://doi.org/10.1016/j.cie.2020.106515,https://openalex.org/F4320321001,71531009
https://doi.org/10.1016/j.cie.2020.106515,https://openalex.org/F4320321001,71771099
https://doi.org/10.1016/j.cie.2020.106515,https://openalex.org/F4320321001,71971090
https://doi.org/10.1016/j.cie.2020.106515,https://openalex.org/F4320321001,71571077
https://doi.org/10.1016/j.cie.2020.106515,https://openalex.org/F4320321001,71801231
https://doi.org/10.1016/j.cie.2020.106515,https://openalex.org/F4320321106,17YJC630120
https://doi.org/10.1007/s11280-019-00728-3,https://openalex.org/F4320321001,61572336
https://doi.org/10.1080/02640414.2020.1754704,https://openalex.org/F4320325902,Z181100009218005
https://doi.org/10.1016/j.conbuildmat.2020.118969,https://openalex.org/F4320321001,51908560
https://doi.org/10.1016/j.conbuildmat.2020.118969,https://openalex.org/F4320321471,2017SK1010
https://doi.org/10.3390/nano10040680,https://openalex.org/F4320321001,61774021
https://doi.org/10.3390/nano10040680,https://openalex.org/F4320321001,61911530133
https://doi.org/10.3390/nano10040680,https://openalex.org/F4320321001,61905045
https://doi.org/10.1016/j.exer.2020.108000,https://openalex.org/F4320319987,
https://doi.org/10.1016/j.exer.2020.108000,https://openalex.org/F4320321592,
https://doi.org/10.1016/j.exer.2020.108000,https://openalex.org/F4320334593,
https://doi.org/10.1002/ejoc.202000176,https://openalex.org/F4320321001,21972122
https://doi.org/10.1007/s40305-018-0218-2,https://openalex.org/F4320321001,71701178
https://doi.org/10.1016/j.vacuum.2020.109280,https://openalex.org/F4320322598,G-UAGJ
https://doi.org/10.1016/j.vacuum.2020.109280,https://openalex.org/F4320322598,1-ZVGH
https://doi.org/10.1007/s11156-019-00868-7,https://openalex.org/F4320322598,P0030199
https://doi.org/10.1007/s11156-019-00868-7,https://openalex.org/F4320328618,DB14B2
https://doi.org/10.1007/s00202-019-00877-8,https://openalex.org/F4320322598,G-YBPM
https://doi.org/10.1016/j.jpowsour.2019.227416,https://openalex.org/F4320321408,
https://doi.org/10.1016/j.jpowsour.2019.227416,https://openalex.org/F4320321592,
https://doi.org/10.1016/j.jpowsour.2019.227416,https://openalex.org/F4320321978,
https://doi.org/10.1016/j.jpowsour.2019.227416,https://openalex.org/F4320322598,
https://doi.org/10.1016/j.jpowsour.2019.227416,https://openalex.org/F4320327912,D16002
https://doi.org/10.1016/j.jpowsour.2019.227416,https://openalex.org/F4320335882,15210718
https://doi.org/10.1002/num.22443,https://openalex.org/F4320321001,11771367
https://doi.org/10.1002/num.22443,https://openalex.org/F4320321001,11871038
https://doi.org/10.1002/num.22443,https://openalex.org/F4320321543,2014M560547
https://doi.org/10.1002/num.22443,https://openalex.org/F4320335578,U1430101
https://doi.org/10.1002/num.22443,https://openalex.org/F4320338464,LY15A010018
https://doi.org/10.1007/s13296-019-00292-6,https://openalex.org/F4320309618,MOST 107-2221-E-224-022
https://doi.org/10.1007/s13296-019-00292-6,https://openalex.org/F4320321592,152039/18E
https://doi.org/10.1080/01605682.2019.1610207,https://openalex.org/F4320321001,71871071
https://doi.org/10.1080/01605682.2019.1610207,https://openalex.org/F4320321001,71721001
https://doi.org/10.1080/01605682.2019.1610207,https://openalex.org/F4320321001,11671158
https://doi.org/10.1080/01605682.2019.1610207,https://openalex.org/F4320321001,11571124
https://doi.org/10.1080/01605682.2019.1610207,https://openalex.org/F4320321001,71471045
https://doi.org/10.1007/s10798-019-09519-3,https://openalex.org/F4320322598,Teaching Development Grant (TDG) 2016-19
https://doi.org/10.1109/icpr48806.2021.9412026,https://openalex.org/F4320322598,P0008740
https://doi.org/10.1142/s0219843620500267,https://openalex.org/F4320321800,
https://doi.org/10.1029/2020gl090274,https://openalex.org/F4320321001,41775004 and 41374160
https://doi.org/10.1029/2020gl090274,https://openalex.org/F4320321592,15218017E
https://doi.org/10.3389/fpsyg.2020.02122,https://openalex.org/F4320322598,1-ZE3U
https://doi.org/10.1155/2020/8844168,https://openalex.org/F4320322990,
https://doi.org/10.1155/2020/9268927,https://openalex.org/F4320324858,
https://doi.org/10.1016/j.orl.2020.08.010,https://openalex.org/F4320324781,CXJJ-2020-414
https://doi.org/10.1016/j.orl.2020.08.010,https://openalex.org/F4320335595,71671106
https://doi.org/10.1016/j.jgar.2020.07.003,https://openalex.org/F4320321001,81601815
https://doi.org/10.1007/s41060-018-0164-4,https://openalex.org/F4320321001,61672313
https://doi.org/10.1007/s41060-018-0164-4,https://openalex.org/F4320321592,PolyU 152199/17E
https://doi.org/10.1007/s41060-018-0164-4,https://openalex.org/F4320322598,1-ZE26
https://doi.org/10.1007/s41060-018-0164-4,https://openalex.org/F4320335353,CNS-1626432
https://doi.org/10.1007/s10660-020-09428-x,https://openalex.org/F4320321001,71973106
https://doi.org/10.1007/s10660-020-09428-x,https://openalex.org/F4320321001,71703122
https://doi.org/10.1007/s10660-020-09428-x,https://openalex.org/F4320321001,71531002
https://doi.org/10.1080/00207543.2020.1789237,https://openalex.org/F4320321001,71661167009
https://doi.org/10.1080/00207543.2020.1789237,https://openalex.org/F4320322598,
https://doi.org/10.1080/01434632.2020.1786574,https://openalex.org/F4320322598,1-BE0G
https://doi.org/10.1007/s10618-020-00699-4,https://openalex.org/F4320321001,61772411
https://doi.org/10.1007/s10618-020-00699-4,https://openalex.org/F4320321001,U1736205
https://doi.org/10.1111/inm.12742,https://openalex.org/F4320321108,307367
https://doi.org/10.1111/inm.12742,https://openalex.org/F4320321108,294298
https://doi.org/10.3390/rs12111767,https://openalex.org/F4320321001,"41974003, 41674007"
https://doi.org/10.1016/j.enbuild.2020.110191,https://openalex.org/F4320322598,
https://doi.org/10.1016/j.actaastro.2020.05.023,https://openalex.org/F4320335777,2014CB744100
https://doi.org/10.1016/j.dyepig.2020.108458,https://openalex.org/F4320335790,KQTD2014062714543296
https://doi.org/10.3390/s20041143,https://openalex.org/F4320321001,51608136
https://doi.org/10.1016/j.optcom.2020.125363,https://openalex.org/F4320321001,61671053
https://doi.org/10.1016/j.optcom.2020.125363,https://openalex.org/F4320321001,61871030
https://doi.org/10.1016/j.optcom.2020.125363,https://openalex.org/F4320327025,IPOC2018B009
https://doi.org/10.1016/j.optcom.2020.125363,https://openalex.org/F4320335777,2019YFB180066
https://doi.org/10.1016/j.optcom.2020.125363,https://openalex.org/F4320335787,FRF-TP-19-017A1
https://doi.org/10.1080/00102202.2019.1619708,https://openalex.org/F4320321001,91641105
https://doi.org/10.1080/09593985.2018.1485800,https://openalex.org/F4320322598,1-ZE4F
https://doi.org/10.1016/j.radmp.2020.01.003,https://openalex.org/F4320332161,GRF 151022/19M
https://doi.org/10.1016/j.radmp.2020.01.003,https://openalex.org/F4320332161,R01 EB028324
https://doi.org/10.1016/j.radmp.2020.01.003,https://openalex.org/F4320332161,R01 CA226899
https://doi.org/10.1016/j.radmp.2020.01.003,https://openalex.org/F4320332161,GRF 151021/18M
https://doi.org/10.1016/j.radmp.2020.01.003,https://openalex.org/F4320332161,HMRF 06173276
https://doi.org/10.1109/pesa50370.2020.9344043,https://openalex.org/F4320321001,U1913214
https://doi.org/10.1109/nemo49486.2020.9343452,https://openalex.org/F4320320671,
https://doi.org/10.1109/nemo49486.2020.9343452,https://openalex.org/F4320321001,
https://doi.org/10.1109/access.2020.3038383,https://openalex.org/F4320311213,18C0958
https://doi.org/10.1109/access.2020.3038383,https://openalex.org/F4320322598,H-ZG3K
https://doi.org/10.1016/j.jbusres.2020.09.029,https://openalex.org/F4320322598,
https://doi.org/10.1016/j.dsp.2020.102820,https://openalex.org/F4320321001,11331012
https://doi.org/10.1016/j.dsp.2020.102820,https://openalex.org/F4320321001,11631013
https://doi.org/10.1016/j.dsp.2020.102820,https://openalex.org/F4320321001,71331001
https://doi.org/10.1016/j.dsp.2020.102820,https://openalex.org/F4320321514,
https://doi.org/10.1016/j.dsp.2020.102820,https://openalex.org/F4320322843,2018JJ3624
https://doi.org/10.1016/j.dsp.2020.102820,https://openalex.org/F4320335777,2015CB856002
https://doi.org/10.1016/j.neucom.2020.06.071,https://openalex.org/F4320321001,U1636218
https://doi.org/10.1016/j.neucom.2020.06.071,https://openalex.org/F4320321001,U1801262
https://doi.org/10.1016/j.neucom.2020.06.071,https://openalex.org/F4320321001,61936003
https://doi.org/10.1016/j.neucom.2020.06.071,https://openalex.org/F4320321001,61673182
https://doi.org/10.1016/j.neucom.2020.06.071,https://openalex.org/F4320321921,2017A030312006
https://doi.org/10.1080/02664763.2020.1796945,https://openalex.org/F4320321001,11701235
https://doi.org/10.1080/02664763.2020.1796945,https://openalex.org/F4320321001,11901315
https://doi.org/10.1080/02664763.2020.1796945,https://openalex.org/F4320322665,20171BAB211004
https://doi.org/10.1002/nur.22050,https://openalex.org/F4320321001,71804204
https://doi.org/10.1002/nur.22050,https://openalex.org/F4320321921,2019A1515011672
https://doi.org/10.3390/ijerph17114166,https://openalex.org/F4320322990,2018hhf-06
https://doi.org/10.3390/app10113744,https://openalex.org/F4320321001,51776193
https://doi.org/10.3390/app10113744,https://openalex.org/F4320321001,51761145109
https://doi.org/10.3390/app10113744,https://openalex.org/F4320321543,2019M652209
https://doi.org/10.1016/j.jastp.2020.105255,https://openalex.org/F4320335678,SKLGED 2020-3-1-E
https://doi.org/10.1111/jpm.12632,https://openalex.org/F4320335055,12131631
https://doi.org/10.1080/23249935.2020.1749961,https://openalex.org/F4320321001,"71601046,71901189"
https://doi.org/10.1080/23249935.2020.1749961,https://openalex.org/F4320322769,BK20160686
https://doi.org/10.1007/s10854-020-03375-x,https://openalex.org/F4320321001,No. 51302150
https://doi.org/10.1007/s10854-020-03375-x,https://openalex.org/F4320335803,No. JCYJ20170816152011392
https://doi.org/10.1007/s10854-020-03375-x,https://openalex.org/F4320335830,No. 2014DFA53020
https://doi.org/10.1002/nav.21896,https://openalex.org/F4320321001,71962026
https://doi.org/10.1002/nav.21896,https://openalex.org/F4320321001,71661167009
https://doi.org/10.1002/nav.21896,https://openalex.org/F4320321001,71711530714
https://doi.org/10.1002/nav.21896,https://openalex.org/F4320321592,3‐RAA7
https://doi.org/10.1002/nav.21896,https://openalex.org/F4320322868,2019MS07004
https://doi.org/10.1007/s10985-020-09496-z,https://openalex.org/F4320321001,11571263
https://doi.org/10.1007/s10985-020-09496-z,https://openalex.org/F4320321001,11771366
https://doi.org/10.1177/0734904119886258,https://openalex.org/F4320321001,51803007
https://doi.org/10.1177/0734904119886258,https://openalex.org/F4320323540,XJ2018002
https://doi.org/10.1177/0734904119886258,https://openalex.org/F4320336026,2018YFD1100403
https://doi.org/10.1016/j.csda.2020.106942,https://openalex.org/F4320321001,11771250
https://doi.org/10.1016/j.csda.2020.106942,https://openalex.org/F4320321001,11501573
https://doi.org/10.1016/j.csda.2020.106942,https://openalex.org/F4320322598,
https://doi.org/10.1016/j.csda.2020.106942,https://openalex.org/F4320322725,
https://doi.org/10.1111/jcmm.15096,https://openalex.org/F4320321001,81800863
https://doi.org/10.1111/jcmm.15096,https://openalex.org/F4320321543,2017M612974
https://doi.org/10.1111/jcmm.15096,https://openalex.org/F4320321543,2017M612970
https://doi.org/10.1016/j.orl.2020.01.006,https://openalex.org/F4320321001,11971409
https://doi.org/10.1016/j.orl.2020.01.006,https://openalex.org/F4320322919,9192001
https://doi.org/10.3390/s20030639,https://openalex.org/F4320321592,152223/18E
https://doi.org/10.3390/s20030639,https://openalex.org/F4320326705,JCYJ20170818104822282
https://doi.org/10.3390/s20030639,https://openalex.org/F4320327181,Research Fund
https://doi.org/10.1016/j.jpainsymman.2019.12.372,https://openalex.org/F4320322598,1-ZE81
https://doi.org/10.1016/j.neuropsychologia.2019.107302,https://openalex.org/F4320321001,31671126
https://doi.org/10.1016/j.neuropsychologia.2019.107302,https://openalex.org/F4320321001,31500886
https://doi.org/10.1016/j.neuropsychologia.2019.107302,https://openalex.org/F4320321001,31611130107
https://doi.org/10.1016/j.neuropsychologia.2019.107302,https://openalex.org/F4320325902,Z151100003915122
https://doi.org/10.1016/j.neuropsychologia.2019.107302,https://openalex.org/F4320325931,17YYA004
https://doi.org/10.1016/j.neuropsychologia.2019.107302,https://openalex.org/F4320335777,2014CB846103
https://doi.org/10.1016/j.neuropsychologia.2019.107302,https://openalex.org/F4320335787,2017XTCX04
https://doi.org/10.1016/j.cplett.2019.137039,https://openalex.org/F4320321001,11864044
https://doi.org/10.1016/j.cplett.2019.137039,https://openalex.org/F4320321001,51201150
https://doi.org/10.1016/j.cplett.2019.137039,https://openalex.org/F4320321001,11374250
https://doi.org/10.1016/j.cplett.2019.137039,https://openalex.org/F4320321001,61106098
https://doi.org/10.1016/j.cplett.2019.137039,https://openalex.org/F4320322598,PolyU 153039/17P
https://doi.org/10.1016/j.cplett.2019.137039,https://openalex.org/F4320322598,PolyU153030/15P
https://doi.org/10.1016/j.cplett.2019.137039,https://openalex.org/F4320322598,PolyU153271/16P
https://doi.org/10.1016/j.automatica.2019.108751,https://openalex.org/F4320322598,
https://doi.org/10.1016/j.automatica.2019.108751,https://openalex.org/F4320334704,
https://doi.org/10.1016/j.automatica.2019.108751,https://openalex.org/F4320338279,
https://doi.org/10.1002/macp.201900446,https://openalex.org/F4320321001,51773142
https://doi.org/10.1002/macp.201900446,https://openalex.org/F4320321001,51473139
https://doi.org/10.1002/macp.201900446,https://openalex.org/F4320321001,51573120
https://doi.org/10.1002/macp.201900446,https://openalex.org/F4320322598,1‐ZE1C
https://doi.org/10.1002/macp.201900446,https://openalex.org/F4320322843,2019JJ50603
https://doi.org/10.1016/j.cjche.2019.06.004,https://openalex.org/F4320336026,2017YFB0603105
https://doi.org/10.1177/1354816619870948,https://openalex.org/F4320321106,"15YJC790055, 16JJD790014"
https://doi.org/10.1007/s11075-019-00705-x,https://openalex.org/F4320321001,11301050
https://doi.org/10.1007/s11075-019-00705-x,https://openalex.org/F4320335787,DUT17RC(4)38
https://doi.org/10.1177/0148558x18782366,https://openalex.org/F4320334617,
https://doi.org/10.30852/sb.2020.1246,https://openalex.org/F4320308564,CBA2017-02MY-Tanimoto
https://doi.org/10.1109/pesa50370.2020.9343952,https://openalex.org/F4320321001,U1913214
https://doi.org/10.1109/globecom42002.2020.9348177,https://openalex.org/F4320306076,"61772480,61972171,61872310"
https://doi.org/10.1109/pesa50370.2020.9344037,https://openalex.org/F4320321001,51907031
https://doi.org/10.1109/ieem45057.2020.9309945,https://openalex.org/F4320321001,
https://doi.org/10.3390/app10248958,https://openalex.org/F4320321001,51701171
https://doi.org/10.3390/app10248958,https://openalex.org/F4320321001,11174030
https://doi.org/10.1109/ius46767.2020.9251560,https://openalex.org/F4320321001,"NSFC61771130,NSFC61701442"
https://doi.org/10.1109/ius46767.2020.9251560,https://openalex.org/F4320335787,
https://doi.org/10.1364/ome.405776,https://openalex.org/F4320321001,61675032
https://doi.org/10.1364/ome.405776,https://openalex.org/F4320321001,61520106014
https://doi.org/10.1364/ome.405776,https://openalex.org/F4320321885,SKLSFO2018-02
https://doi.org/10.1364/ome.405776,https://openalex.org/F4320336033,B18005
https://doi.org/10.1080/10376178.2020.1844576,https://openalex.org/F4320322598,N/A
https://doi.org/10.1016/j.bbrc.2020.07.050,https://openalex.org/F4320322598,
https://doi.org/10.1007/s41999-020-00339-6,https://openalex.org/F4320335055,15161051
https://doi.org/10.1016/j.ijleo.2020.164984,https://openalex.org/F4320321001,
https://doi.org/10.1016/j.jocs.2020.101109,https://openalex.org/F4320321001,51874262
https://doi.org/10.1016/j.jocs.2020.101109,https://openalex.org/F4320322320,REP/1/2879-01
https://doi.org/10.1016/j.jocs.2020.101109,https://openalex.org/F4320322320,BAS/1/1351-01
https://doi.org/10.1016/j.jocs.2020.101109,https://openalex.org/F4320322320,URF/1/3769-01
https://doi.org/10.1016/j.jocs.2020.101109,https://openalex.org/F4320322598,
https://doi.org/10.1016/j.imu.2020.100348,https://openalex.org/F4320322598,G-UC93
https://doi.org/10.1016/j.apergo.2020.103104,https://openalex.org/F4320307102,68982/A001
https://doi.org/10.1016/j.apergo.2020.103104,https://openalex.org/F4320309624,
https://doi.org/10.1016/j.mehy.2020.109590,https://openalex.org/F4320322598,
https://doi.org/10.1016/j.nanoen.2020.104530,https://openalex.org/F4320321001,NSFC 21771156
https://doi.org/10.1016/j.nanoen.2020.104530,https://openalex.org/F4320321592,
https://doi.org/10.1007/s11590-019-01517-7,https://openalex.org/F4320321001,11871347
https://doi.org/10.1016/j.jallcom.2019.153479,https://openalex.org/F4320321001,51201135
https://doi.org/10.1016/j.jallcom.2019.153479,https://openalex.org/F4320321001,51271147
https://doi.org/10.1016/j.jallcom.2019.153479,https://openalex.org/F4320321001,51201134
https://doi.org/10.1016/j.jallcom.2019.153479,https://openalex.org/F4320321001,51071125
https://doi.org/10.1016/j.jallcom.2019.153479,https://openalex.org/F4320322598,1-ZE6G
https://doi.org/10.1016/j.jallcom.2019.153479,https://openalex.org/F4320322665,20192BAB216003
https://doi.org/10.1016/j.jallcom.2019.153479,https://openalex.org/F4320322665,20161ACB20010
https://doi.org/10.1016/j.jallcom.2019.153479,https://openalex.org/F4320327912,B08040
https://doi.org/10.1007/s00500-019-04451-z,https://openalex.org/F4320321001,U1333109
https://doi.org/10.1016/j.gene.2019.144127,https://openalex.org/F4320326690,WX18A02
https://doi.org/10.1016/j.solmat.2019.110220,https://openalex.org/F4320321001,61535004
https://doi.org/10.1016/j.solmat.2019.110220,https://openalex.org/F4320321001,51873200
https://doi.org/10.1016/j.ijleo.2019.163458,https://openalex.org/F4320321001,61604104
https://doi.org/10.1016/j.ijleo.2019.163458,https://openalex.org/F4320321001,21972103
https://doi.org/10.1016/j.ijleo.2019.163458,https://openalex.org/F4320321001,51672185
https://doi.org/10.1016/j.ijleo.2019.163458,https://openalex.org/F4320321001,61904120
https://doi.org/10.1016/j.ijleo.2019.163458,https://openalex.org/F4320322598,847S
https://doi.org/10.1016/j.ijleo.2019.163458,https://openalex.org/F4320322598,1-ZE1C
https://doi.org/10.1007/s00362-018-0978-0,https://openalex.org/F4320321001,11401502
https://doi.org/10.1007/s40607-020-00062-1,https://openalex.org/F4320321592,15608618
https://doi.org/10.1109/pesa50370.2020.9343988,https://openalex.org/F4320321001,"62001149,61671194"
https://doi.org/10.1109/pesa50370.2020.9343988,https://openalex.org/F4320335777,2020YFB1710600
https://doi.org/10.1109/pesa50370.2020.9343988,https://openalex.org/F4320338464,LQ21F010009
https://doi.org/10.1109/iceict51264.2020.9334204,https://openalex.org/F4320321001,"61771256,61471205,61801242,61801245,61871235,61801377"
https://doi.org/10.1109/ieem45057.2020.9309746,https://openalex.org/F4320322598,
https://doi.org/10.1109/icce-asia49877.2020.9276500,https://openalex.org/F4320326427,
https://doi.org/10.1080/10485252.2020.1837367,https://openalex.org/F4320321001,11671311
https://doi.org/10.1080/10485252.2020.1837367,https://openalex.org/F4320321001,11571263
https://doi.org/10.1080/10485252.2020.1837367,https://openalex.org/F4320321001,11771366
https://doi.org/10.3390/electronics9101723,https://openalex.org/F4320321001,61604098
https://doi.org/10.3390/electronics9101723,https://openalex.org/F4320321001,51907127
https://doi.org/10.1016/j.dib.2020.105846,https://openalex.org/F4320321592,
https://doi.org/10.1016/j.dib.2020.105846,https://openalex.org/F4320322598,
https://doi.org/10.1016/j.dib.2020.105846,https://openalex.org/F4320326705,
https://doi.org/10.1016/j.csda.2020.107007,https://openalex.org/F4320312338,19YQ15
https://doi.org/10.1016/j.csda.2020.107007,https://openalex.org/F4320321001,11901087
https://doi.org/10.1016/j.csda.2020.107007,https://openalex.org/F4320321592,PolyU 15301218
https://doi.org/10.1016/j.csda.2020.107007,https://openalex.org/F4320322598,
https://doi.org/10.1016/j.csda.2020.107007,https://openalex.org/F4320334506,145546
https://doi.org/10.1007/s00521-020-04818-6,https://openalex.org/F4320326796,C1031-18G
https://doi.org/10.1007/s42952-019-00048-2,https://openalex.org/F4320321001,11471036
https://doi.org/10.1016/j.jmmm.2020.166454,https://openalex.org/F4320321001,51502129
https://doi.org/10.1016/j.jmmm.2020.166454,https://openalex.org/F4320322598,1-ZVGH
https://doi.org/10.1016/j.ijadhadh.2019.102455,https://openalex.org/F4320320847,
https://doi.org/10.1016/j.ijadhadh.2019.102455,https://openalex.org/F4320332999,
https://doi.org/10.1016/j.ijadhadh.2019.102455,https://openalex.org/F4320335254,
https://doi.org/10.1016/j.ijadhadh.2019.102455,https://openalex.org/F4320335322,13/RC/2073
https://doi.org/10.1016/j.ijadhadh.2019.102455,https://openalex.org/F4320338337,713690
https://doi.org/10.1016/j.annals.2019.102793,https://openalex.org/F4320321001,
https://doi.org/10.1007/s11760-019-01546-w,https://openalex.org/F4320321001,61671163
https://doi.org/10.1007/s11760-019-01546-w,https://openalex.org/F4320321921,2014A03031034
https://doi.org/10.1080/14778238.2019.1596198,https://openalex.org/F4320321001,71603184
https://doi.org/10.1177/0020872818796147,https://openalex.org/F4320310935,
https://doi.org/10.1177/0020872818796147,https://openalex.org/F4320320360,
https://doi.org/10.1177/0020872818796147,https://openalex.org/F4320320671,IFR2011041100058
https://doi.org/10.1177/0020872818796147,https://openalex.org/F4320320801,
https://doi.org/10.1177/0020872818796147,https://openalex.org/F4320334705,1062495
https://doi.org/10.1002/eng2.12174,https://openalex.org/F4320321001,2016YFC0701102
https://doi.org/10.1002/eng2.12174,https://openalex.org/F4320321543,
https://doi.org/10.1002/eng2.12174,https://openalex.org/F4320335777,
https://doi.org/10.1109/ei250167.2020.9347100,https://openalex.org/F4320322598,
https://doi.org/10.1109/pesa50370.2020.9343978,https://openalex.org/F4320335471,2020Z018
https://doi.org/10.1109/pesa50370.2020.9343989,https://openalex.org/F4320323192,020000KK52180005
https://doi.org/10.1109/pesa50370.2020.9343960,https://openalex.org/F4320321001,"51907051,51737006"
https://doi.org/10.1109/pesa50370.2020.9343960,https://openalex.org/F4320321543,2020M671317
https://doi.org/10.1109/pesa50370.2020.9343960,https://openalex.org/F4320335787,B200202171
https://doi.org/10.1109/qrs-c51114.2020.00049,https://openalex.org/F4320321001,"61902306,61632015,61772408,U1766215,61721002,61532015,61833015"
https://doi.org/10.1109/qrs-c51114.2020.00049,https://openalex.org/F4320335777,2016YFB1000903
https://doi.org/10.1016/j.tcs.2020.07.013,https://openalex.org/F4320322598,
https://doi.org/10.1016/j.tcs.2020.07.013,https://openalex.org/F4320334764,
https://doi.org/10.1016/j.tcs.2020.07.013,https://openalex.org/F4320334789,
https://doi.org/10.1016/j.renene.2020.03.107,https://openalex.org/F4320322030,NRF-2018R1C1B4A02022690
https://doi.org/10.1016/j.renene.2020.03.107,https://openalex.org/F4320322120,
https://doi.org/10.1016/j.applthermaleng.2020.115093,https://openalex.org/F4320321001,51676140
https://doi.org/10.1016/j.applthermaleng.2020.115093,https://openalex.org/F4320327181,
https://doi.org/10.1007/s43036-019-00009-w,https://openalex.org/F4320306164,351047
https://doi.org/10.1007/s43036-019-00009-w,https://openalex.org/F4320321001,11571220
https://doi.org/10.1007/s43036-019-00009-w,https://openalex.org/F4320321592,502512
https://doi.org/10.1007/s43036-019-00009-w,https://openalex.org/F4320337380,1331021
https://doi.org/10.1016/j.lingua.2019.102793,https://openalex.org/F4320332546,
https://doi.org/10.1007/s10915-019-01112-z,https://openalex.org/F4320321001,11771367
https://doi.org/10.1007/s10915-019-01112-z,https://openalex.org/F4320321592,15302518
https://doi.org/10.1007/s10915-019-01112-z,https://openalex.org/F4320324174,ZR2019MA049
https://doi.org/10.1016/j.physleta.2019.126206,https://openalex.org/F4320321001,11321202
https://doi.org/10.1016/j.physleta.2019.126206,https://openalex.org/F4320321001,1147243
https://doi.org/10.1016/j.physleta.2019.126206,https://openalex.org/F4320321001,11621062
https://doi.org/10.1016/j.physleta.2019.126206,https://openalex.org/F4320335787,2018XZZ001-05
https://doi.org/10.1016/j.patrec.2019.10.021,https://openalex.org/F4320321001,U1501251
https://doi.org/10.1016/j.patrec.2019.10.021,https://openalex.org/F4320321001,61503084
https://doi.org/10.1016/j.patrec.2019.10.021,https://openalex.org/F4320321921,2016A030310348
https://doi.org/10.1007/s11760-019-01598-y,https://openalex.org/F4320311213,18C0758
https://doi.org/10.1007/s11760-019-01598-y,https://openalex.org/F4320321001,61903049
https://doi.org/10.1016/j.automatica.2019.108668,https://openalex.org/F4320321001,11871347
https://doi.org/10.1016/j.solmat.2019.110205,https://openalex.org/F4320321001,51873200
https://doi.org/10.1016/j.solmat.2019.110205,https://openalex.org/F4320321001,61535004
https://doi.org/10.1007/s12144-018-9942-3,https://openalex.org/F4320320751,MOE2012-T2-1-079
